{
    "trial_number": 4,
    "hparams": {
        "epochs": 7,
        "batch_size": 9,
        "warmup_ratio": 0.11024648024123923,
        "lr_scheduler": "linear",
        "bert": {
            "learning_rate": 1.1637179910717955e-05,
            "weight_decay": 0.0006257270155585854
        },
        "nn": {
            "learning_rate": 0.00030679013602998007,
            "weight_decay": 0.0010521706746699367,
            "dropout": 0.20745235975047832
        }
    },
    "evaluation_report": {
        "Não-HS": {
            "precision": 0.8796680497925311,
            "recall": 0.9464285714285714,
            "f1-score": 0.9118279569892473,
            "support": 224.0
        },
        "Hate Speech": {
            "precision": 0.9414634146341463,
            "recall": 0.8693693693693694,
            "f1-score": 0.9039812646370023,
            "support": 222.0
        },
        "accuracy": 0.9080717488789237,
        "macro avg": {
            "precision": 0.9105657322133387,
            "recall": 0.9078989703989704,
            "f1-score": 0.9079046108131248,
            "support": 446.0
        },
        "weighted avg": {
            "precision": 0.910427177583649,
            "recall": 0.9080717488789237,
            "f1-score": 0.9079222042937353,
            "support": 446.0
        }
    }
}