{
    "trial_number": 2,
    "hparams": {
        "epochs": 4,
        "batch_size": 29,
        "warmup_ratio": 0.11917696076010946,
        "lr_scheduler": "linear",
        "bert": {
            "learning_rate": 1.723818222104374e-05,
            "weight_decay": 0.0003923444242707467
        },
        "nn": {
            "learning_rate": 0.00014191904893958107,
            "weight_decay": 0.0006783957264075691,
            "dropout": 0.2501470286283899
        }
    },
    "evaluation_report": {
        "Não-HS": {
            "precision": 0.9128440366972477,
            "recall": 0.8844444444444445,
            "f1-score": 0.8984198645598194,
            "support": 225.0
        },
        "Hate Speech": {
            "precision": 0.8859649122807017,
            "recall": 0.9140271493212669,
            "f1-score": 0.8997772828507795,
            "support": 221.0
        },
        "accuracy": 0.899103139013453,
        "macro avg": {
            "precision": 0.8994044744889746,
            "recall": 0.8992357968828557,
            "f1-score": 0.8990985737052994,
            "support": 446.0
        },
        "weighted avg": {
            "precision": 0.8995250086791834,
            "recall": 0.899103139013453,
            "f1-score": 0.8990924866277614,
            "support": 446.0
        }
    }
}