{
    "trial_number": 0,
    "hparams": {
        "epochs": 6,
        "batch_size": 11,
        "warmup_ratio": 0.11094499383054499,
        "lr_scheduler": "cosine",
        "bert": {
            "learning_rate": 2.3154422017894794e-05,
            "weight_decay": 0.000960600184313589
        },
        "nn": {
            "learning_rate": 0.00016190213358886435,
            "weight_decay": 0.00069544769415435,
            "dropout": 0.23876279888970012
        }
    },
    "evaluation_report": {
        "Não-HS": {
            "precision": 0.9094827586206896,
            "recall": 0.9419642857142857,
            "f1-score": 0.9254385964912281,
            "support": 224.0
        },
        "Hate Speech": {
            "precision": 0.6285714285714286,
            "recall": 0.5116279069767442,
            "f1-score": 0.5641025641025641,
            "support": 43.0
        },
        "accuracy": 0.8726591760299626,
        "macro avg": {
            "precision": 0.769027093596059,
            "recall": 0.7267960963455149,
            "f1-score": 0.744770580296896,
            "support": 267.0
        },
        "weighted avg": {
            "precision": 0.8642423571520821,
            "recall": 0.8726591760299626,
            "f1-score": 0.8672459021364994,
            "support": 267.0
        }
    }
}