{
    "trial_number": 0,
    "hparams": {
        "epochs": 5,
        "batch_size": 23,
        "warmup_ratio": 0.056143357687360076,
        "lr_scheduler": "cosine",
        "bert": {
            "learning_rate": 2.1688122937618185e-05,
            "weight_decay": 0.00017421785087510733
        },
        "nn": {
            "learning_rate": 0.00013813009236447366,
            "weight_decay": 0.0011046589034448408,
            "dropout": 0.2861289984261518
        }
    },
    "evaluation_report": {
        "Não-HS": {
            "precision": 0.9192825112107623,
            "recall": 0.9151785714285714,
            "f1-score": 0.9172259507829977,
            "support": 224.0
        },
        "Hate Speech": {
            "precision": 0.9144144144144144,
            "recall": 0.918552036199095,
            "f1-score": 0.9164785553047404,
            "support": 221.0
        },
        "accuracy": 0.9168539325842696,
        "macro avg": {
            "precision": 0.9168484628125884,
            "recall": 0.9168653038138332,
            "f1-score": 0.9168522530438691,
            "support": 445.0
        },
        "weighted avg": {
            "precision": 0.9168648721276323,
            "recall": 0.9168539325842696,
            "f1-score": 0.9168547723544701,
            "support": 445.0
        }
    }
}