{
    "trial_number": 0,
    "hparams": {
        "epochs": 5,
        "batch_size": 23,
        "warmup_ratio": 0.056143357687360076,
        "lr_scheduler": "cosine",
        "bert": {
            "learning_rate": 2.1688122937618185e-05,
            "weight_decay": 0.00017421785087510733
        },
        "nn": {
            "learning_rate": 0.00013813009236447366,
            "weight_decay": 0.0011046589034448408,
            "dropout": 0.2861289984261518
        }
    },
    "evaluation_report": {
        "Não-HS": {
            "precision": 0.90625,
            "recall": 0.9022222222222223,
            "f1-score": 0.9042316258351893,
            "support": 225.0
        },
        "Hate Speech": {
            "precision": 0.9009009009009009,
            "recall": 0.9049773755656109,
            "f1-score": 0.9029345372460497,
            "support": 221.0
        },
        "accuracy": 0.9035874439461884,
        "macro avg": {
            "precision": 0.9035754504504505,
            "recall": 0.9035997988939166,
            "f1-score": 0.9035830815406195,
            "support": 446.0
        },
        "weighted avg": {
            "precision": 0.9035994374419263,
            "recall": 0.9035874439461884,
            "f1-score": 0.903588898081378,
            "support": 446.0
        }
    }
}