{
    "trial_number": 2,
    "hparams": {
        "epochs": 7,
        "batch_size": 22,
        "warmup_ratio": 0.10191651724690798,
        "lr_scheduler": "cosine",
        "bert": {
            "learning_rate": 2.572842993484072e-05,
            "weight_decay": 0.00019106208428347853
        },
        "nn": {
            "learning_rate": 0.00016436871584377515,
            "weight_decay": 0.0009420498504520503,
            "dropout": 0.22396527219624368
        }
    },
    "evaluation_report": {
        "Não-HS": {
            "precision": 0.908695652173913,
            "recall": 0.9330357142857143,
            "f1-score": 0.920704845814978,
            "support": 224.0
        },
        "Hate Speech": {
            "precision": 0.9305555555555556,
            "recall": 0.9054054054054054,
            "f1-score": 0.9178082191780822,
            "support": 222.0
        },
        "accuracy": 0.9192825112107623,
        "macro avg": {
            "precision": 0.9196256038647344,
            "recall": 0.9192205598455598,
            "f1-score": 0.91925653249653,
            "support": 446.0
        },
        "weighted avg": {
            "precision": 0.9195765906284527,
            "recall": 0.9192825112107623,
            "f1-score": 0.9192630271750882,
            "support": 446.0
        }
    }
}