{
    "trial_number": 1,
    "hparams": {
        "epochs": 8,
        "batch_size": 8,
        "warmup_ratio": 0.05994837815544368,
        "lr_scheduler": "cosine",
        "bert": {
            "learning_rate": 1.4694752570044495e-05,
            "weight_decay": 0.00012557097045821805
        },
        "nn": {
            "learning_rate": 0.0004762304532317672,
            "weight_decay": 0.000853056496578905,
            "dropout": 0.25232400247644915
        }
    },
    "evaluation_report": {
        "Não-HS": {
            "precision": 0.9166666666666666,
            "recall": 0.9330357142857143,
            "f1-score": 0.9247787610619469,
            "support": 224.0
        },
        "Hate Speech": {
            "precision": 0.9311926605504587,
            "recall": 0.9144144144144144,
            "f1-score": 0.9227272727272727,
            "support": 222.0
        },
        "accuracy": 0.9237668161434978,
        "macro avg": {
            "precision": 0.9239296636085627,
            "recall": 0.9237250643500643,
            "f1-score": 0.9237530168946098,
            "support": 446.0
        },
        "weighted avg": {
            "precision": 0.9238970941155495,
            "recall": 0.9237668161434978,
            "f1-score": 0.9237576166442392,
            "support": 446.0
        }
    }
}