{
    "trial_number": 3,
    "hparams": {
        "epochs": 7,
        "batch_size": 27,
        "warmup_ratio": 0.11849556115599617,
        "lr_scheduler": "cosine",
        "bert": {
            "learning_rate": 2.7374165608087e-05,
            "weight_decay": 0.002547683516282903
        },
        "nn": {
            "learning_rate": 0.0001987445280492282,
            "weight_decay": 0.0005225025221494894,
            "dropout": 0.11741651732939673
        }
    },
    "evaluation_report": {
        "Não-HS": {
            "precision": 0.8940092165898618,
            "recall": 0.8660714285714286,
            "f1-score": 0.8798185941043084,
            "support": 224.0
        },
        "Hate Speech": {
            "precision": 0.868995633187773,
            "recall": 0.8963963963963963,
            "f1-score": 0.8824833702882483,
            "support": 222.0
        },
        "accuracy": 0.8811659192825112,
        "macro avg": {
            "precision": 0.8815024248888174,
            "recall": 0.8812339124839125,
            "f1-score": 0.8811509821962784,
            "support": 446.0
        },
        "weighted avg": {
            "precision": 0.8815585091565351,
            "recall": 0.8811659192825112,
            "f1-score": 0.8811450073617852,
            "support": 446.0
        }
    }
}