{
    "trial_number": 0,
    "hparams": {
        "epochs": 5,
        "batch_size": 29,
        "warmup_ratio": 0.07591132880166347,
        "lr_scheduler": "cosine",
        "bert": {
            "learning_rate": 2.1351969965246932e-05,
            "weight_decay": 0.005538705263409842
        },
        "nn": {
            "learning_rate": 0.0002319361885431211,
            "weight_decay": 0.0003255453993156169,
            "dropout": 0.24852110777409048
        }
    },
    "evaluation_report": {
        "Não-HS": {
            "precision": 0.902127659574468,
            "recall": 0.9464285714285714,
            "f1-score": 0.9237472766884531,
            "support": 224.0
        },
        "Hate Speech": {
            "precision": 0.625,
            "recall": 0.46511627906976744,
            "f1-score": 0.5333333333333333,
            "support": 43.0
        },
        "accuracy": 0.8689138576779026,
        "macro avg": {
            "precision": 0.763563829787234,
            "recall": 0.7057724252491694,
            "f1-score": 0.7285403050108932,
            "support": 267.0
        },
        "weighted avg": {
            "precision": 0.8574966132759582,
            "recall": 0.8689138576779026,
            "f1-score": 0.8608716228896885,
            "support": 267.0
        }
    }
}