{
    "trial_number": 1,
    "hparams": {
        "epochs": 5,
        "batch_size": 28,
        "warmup_ratio": 0.06336704047375005,
        "lr_scheduler": "cosine",
        "bert": {
            "learning_rate": 3.373819636637321e-05,
            "weight_decay": 0.0007551500766956159
        },
        "nn": {
            "learning_rate": 0.00039383143232990113,
            "weight_decay": 0.00031168151304899794,
            "dropout": 0.2708073576906318
        }
    },
    "evaluation_report": {
        "Não-HS": {
            "precision": 0.8836206896551724,
            "recall": 0.9111111111111111,
            "f1-score": 0.8971553610503282,
            "support": 225.0
        },
        "Hate Speech": {
            "precision": 0.9065420560747663,
            "recall": 0.8778280542986425,
            "f1-score": 0.8919540229885058,
            "support": 221.0
        },
        "accuracy": 0.8946188340807175,
        "macro avg": {
            "precision": 0.8950813728649694,
            "recall": 0.8944695827048768,
            "f1-score": 0.894554692019417,
            "support": 446.0
        },
        "weighted avg": {
            "precision": 0.894978586468469,
            "recall": 0.8946188340807175,
            "f1-score": 0.8945780164053445,
            "support": 446.0
        }
    }
}