{
    "trial_number": 1,
    "hparams": {
        "epochs": 7,
        "batch_size": 8,
        "warmup_ratio": 0.0921358774937148,
        "lr_scheduler": "linear",
        "bert": {
            "learning_rate": 1.623217050452981e-05,
            "weight_decay": 0.000218166023097798
        },
        "nn": {
            "learning_rate": 0.00019336852089376348,
            "weight_decay": 0.0025964973044314346,
            "dropout": 0.24374712315000466
        }
    },
    "evaluation_report": {
        "Não-HS": {
            "precision": 0.8878923766816144,
            "recall": 0.8839285714285714,
            "f1-score": 0.8859060402684564,
            "support": 224.0
        },
        "Hate Speech": {
            "precision": 0.8834080717488789,
            "recall": 0.8873873873873874,
            "f1-score": 0.8853932584269663,
            "support": 222.0
        },
        "accuracy": 0.8856502242152466,
        "macro avg": {
            "precision": 0.8856502242152466,
            "recall": 0.8856579794079794,
            "f1-score": 0.8856496493477113,
            "support": 446.0
        },
        "weighted avg": {
            "precision": 0.8856602787106115,
            "recall": 0.8856502242152466,
            "f1-score": 0.885650799082782,
            "support": 446.0
        }
    }
}