{
    "trial_number": 4,
    "hparams": {
        "epochs": 8,
        "batch_size": 13,
        "warmup_ratio": 0.12808150436668467,
        "lr_scheduler": "cosine",
        "bert": {
            "learning_rate": 2.9899687643197635e-05,
            "weight_decay": 0.003218740954680099
        },
        "nn": {
            "learning_rate": 0.0002900572181286368,
            "weight_decay": 0.000241950903348262,
            "dropout": 0.14704620108633376
        }
    },
    "evaluation_report": {
        "Não-HS": {
            "precision": 0.8949579831932774,
            "recall": 0.9508928571428571,
            "f1-score": 0.922077922077922,
            "support": 224.0
        },
        "Hate Speech": {
            "precision": 0.6206896551724138,
            "recall": 0.4186046511627907,
            "f1-score": 0.5,
            "support": 43.0
        },
        "accuracy": 0.8651685393258427,
        "macro avg": {
            "precision": 0.7578238191828456,
            "recall": 0.6847487541528239,
            "f1-score": 0.711038961038961,
            "support": 267.0
        },
        "weighted avg": {
            "precision": 0.8507874284932881,
            "recall": 0.8651685393258427,
            "f1-score": 0.8541028260129383,
            "support": 267.0
        }
    }
}