{
    "trial_number": 4,
    "hparams": {
        "epochs": 4,
        "batch_size": 28,
        "warmup_ratio": 0.1345310068342529,
        "lr_scheduler": "cosine",
        "bert": {
            "learning_rate": 1.062352222935591e-05,
            "weight_decay": 0.0007782399720379456
        },
        "nn": {
            "learning_rate": 0.00022203291608657258,
            "weight_decay": 0.0005706432348847592,
            "dropout": 0.22406136858392608
        }
    },
    "evaluation_report": {
        "Não-HS": {
            "precision": 0.9012875536480687,
            "recall": 0.9375,
            "f1-score": 0.9190371991247265,
            "support": 224.0
        },
        "Hate Speech": {
            "precision": 0.9342723004694836,
            "recall": 0.8963963963963963,
            "f1-score": 0.9149425287356322,
            "support": 222.0
        },
        "accuracy": 0.9170403587443946,
        "macro avg": {
            "precision": 0.9177799270587761,
            "recall": 0.9169481981981982,
            "f1-score": 0.9169898639301793,
            "support": 446.0
        },
        "weighted avg": {
            "precision": 0.917705970227338,
            "recall": 0.9170403587443946,
            "f1-score": 0.9169990448054912,
            "support": 446.0
        }
    }
}