{
    "trial_number": 1,
    "hparams": {
        "epochs": 7,
        "batch_size": 32,
        "warmup_ratio": 0.07895925251537865,
        "lr_scheduler": "linear",
        "bert": {
            "learning_rate": 2.2629168894344507e-05,
            "weight_decay": 0.001472897894946131
        },
        "nn": {
            "learning_rate": 0.00015320516426779057,
            "weight_decay": 0.007528861259543842,
            "dropout": 0.2742343453395102
        }
    },
    "evaluation_report": {
        "Não-HS": {
            "precision": 0.920704845814978,
            "recall": 0.9288888888888889,
            "f1-score": 0.9247787610619469,
            "support": 225.0
        },
        "Hate Speech": {
            "precision": 0.9269406392694064,
            "recall": 0.918552036199095,
            "f1-score": 0.9227272727272727,
            "support": 221.0
        },
        "accuracy": 0.9237668161434978,
        "macro avg": {
            "precision": 0.9238227425421922,
            "recall": 0.9237204625439919,
            "f1-score": 0.9237530168946098,
            "support": 446.0
        },
        "weighted avg": {
            "precision": 0.923794779342845,
            "recall": 0.9237668161434978,
            "f1-score": 0.9237622163938684,
            "support": 446.0
        }
    }
}