{
    "trial_number": 2,
    "hparams": {
        "epochs": 5,
        "batch_size": 17,
        "warmup_ratio": 0.06509419065878566,
        "lr_scheduler": "cosine",
        "bert": {
            "learning_rate": 2.9181384977151995e-05,
            "weight_decay": 0.00045907796841181505
        },
        "nn": {
            "learning_rate": 0.0004418840811578683,
            "weight_decay": 0.00026696649998700166,
            "dropout": 0.1765077183522731
        }
    },
    "evaluation_report": {
        "Não-HS": {
            "precision": 0.9432314410480349,
            "recall": 0.9642857142857143,
            "f1-score": 0.9536423841059603,
            "support": 224.0
        },
        "Hate Speech": {
            "precision": 0.7894736842105263,
            "recall": 0.6976744186046512,
            "f1-score": 0.7407407407407407,
            "support": 43.0
        },
        "accuracy": 0.9213483146067416,
        "macro avg": {
            "precision": 0.8663525626292806,
            "recall": 0.8309800664451827,
            "f1-score": 0.8471915624233505,
            "support": 267.0
        },
        "weighted avg": {
            "precision": 0.9184689558644662,
            "recall": 0.9213483146067416,
            "f1-score": 0.9193548535265429,
            "support": 267.0
        }
    }
}