{
    "trial_number": 1,
    "hparams": {
        "epochs": 5,
        "batch_size": 12,
        "warmup_ratio": 0.14098029135714074,
        "lr_scheduler": "linear",
        "bert": {
            "learning_rate": 3.732661123623725e-05,
            "weight_decay": 0.007909173260745242
        },
        "nn": {
            "learning_rate": 0.0003413216115205839,
            "weight_decay": 0.00031100632990378534,
            "dropout": 0.1280704353599799
        }
    },
    "evaluation_report": {
        "Não-HS": {
            "precision": 0.9177489177489178,
            "recall": 0.9464285714285714,
            "f1-score": 0.9318681318681319,
            "support": 224.0
        },
        "Hate Speech": {
            "precision": 0.6756756756756757,
            "recall": 0.5681818181818182,
            "f1-score": 0.6172839506172839,
            "support": 44.0
        },
        "accuracy": 0.8843283582089553,
        "macro avg": {
            "precision": 0.7967122967122967,
            "recall": 0.7573051948051948,
            "f1-score": 0.7745760412427078,
            "support": 268.0
        },
        "weighted avg": {
            "precision": 0.8780055496473407,
            "recall": 0.8843283582089553,
            "f1-score": 0.880219982707545,
            "support": 268.0
        }
    }
}