{
    "trial_number": 0,
    "hparams": {
        "epochs": 5,
        "batch_size": 23,
        "warmup_ratio": 0.056143357687360076,
        "lr_scheduler": "cosine",
        "bert": {
            "learning_rate": 2.1688122937618185e-05,
            "weight_decay": 0.00017421785087510733
        },
        "nn": {
            "learning_rate": 0.00013813009236447366,
            "weight_decay": 0.0011046589034448408,
            "dropout": 0.2861289984261518
        }
    },
    "evaluation_report": {
        "Não-HS": {
            "precision": 0.8828451882845189,
            "recall": 0.9419642857142857,
            "f1-score": 0.9114470842332614,
            "support": 224.0
        },
        "Hate Speech": {
            "precision": 0.9371980676328503,
            "recall": 0.8738738738738738,
            "f1-score": 0.9044289044289044,
            "support": 222.0
        },
        "accuracy": 0.9080717488789237,
        "macro avg": {
            "precision": 0.9100216279586846,
            "recall": 0.9079190797940797,
            "f1-score": 0.9079379943310829,
            "support": 446.0
        },
        "weighted avg": {
            "precision": 0.9098997605161996,
            "recall": 0.9080717488789237,
            "f1-score": 0.9079537301602407,
            "support": 446.0
        }
    }
}