{
    "trial_number": 0,
    "hparams": {
        "epochs": 6,
        "batch_size": 11,
        "warmup_ratio": 0.11094499383054499,
        "lr_scheduler": "cosine",
        "bert": {
            "learning_rate": 2.3154422017894794e-05,
            "weight_decay": 0.000960600184313589
        },
        "nn": {
            "learning_rate": 0.00016190213358886435,
            "weight_decay": 0.00069544769415435,
            "dropout": 0.23876279888970012
        }
    },
    "evaluation_report": {
        "Não-HS": {
            "precision": 0.9106382978723404,
            "recall": 0.9553571428571429,
            "f1-score": 0.9324618736383442,
            "support": 224.0
        },
        "Hate Speech": {
            "precision": 0.696969696969697,
            "recall": 0.5227272727272727,
            "f1-score": 0.5974025974025974,
            "support": 44.0
        },
        "accuracy": 0.8843283582089553,
        "macro avg": {
            "precision": 0.8038039974210187,
            "recall": 0.7390422077922079,
            "f1-score": 0.7649322355204708,
            "support": 268.0
        },
        "weighted avg": {
            "precision": 0.8755583783211601,
            "recall": 0.8843283582089553,
            "f1-score": 0.8774521417190425,
            "support": 268.0
        }
    }
}