{
    "best_params": {
        "svm__C": 0.1,
        "tfidf__max_features": 3000,
        "tfidf__ngram_range": [
            1,
            1
        ]
    },
    "best_cv_macro_f1": 0.7277785074554186,
    "holdout_evaluation_report": {
        "Não-HS": {
            "precision": 0.9467455621301775,
            "recall": 0.9116809116809117,
            "f1-score": 0.9288824383164006,
            "support": 351.0
        },
        "Hate Speech": {
            "precision": 0.6172839506172839,
            "recall": 0.7352941176470589,
            "f1-score": 0.6711409395973155,
            "support": 68.0
        },
        "accuracy": 0.883054892601432,
        "macro avg": {
            "precision": 0.7820147563737307,
            "recall": 0.8234875146639853,
            "f1-score": 0.800011688956858,
            "support": 419.0
        },
        "weighted avg": {
            "precision": 0.8932768519085145,
            "recall": 0.883054892601432,
            "f1-score": 0.8870532690732078,
            "support": 419.0
        }
    }
}