{
    "trial_number": 3,
    "hparams": {
        "epochs": 6,
        "batch_size": 10,
        "warmup_ratio": 0.06819482153529269,
        "lr_scheduler": "cosine",
        "bert": {
            "learning_rate": 2.9872899888957796e-05,
            "weight_decay": 0.0022542142021127407
        },
        "nn": {
            "learning_rate": 0.000268302791629649,
            "weight_decay": 0.0002796785334957022,
            "dropout": 0.12836633650289753
        }
    },
    "evaluation_report": {
        "Não-HS": {
            "precision": 0.9140271493212669,
            "recall": 0.9017857142857143,
            "f1-score": 0.9078651685393259,
            "support": 224.0
        },
        "Hate Speech": {
            "precision": 0.9022222222222223,
            "recall": 0.9144144144144144,
            "f1-score": 0.9082774049217002,
            "support": 222.0
        },
        "accuracy": 0.9080717488789237,
        "macro avg": {
            "precision": 0.9081246857717447,
            "recall": 0.9081000643500643,
            "f1-score": 0.908071286730513,
            "support": 446.0
        },
        "weighted avg": {
            "precision": 0.9081511542181551,
            "recall": 0.9080717488789237,
            "f1-score": 0.9080703624336915,
            "support": 446.0
        }
    }
}