{
    "trial_number": 0,
    "hparams": {
        "epochs": 6,
        "batch_size": 24,
        "warmup_ratio": 0.1487243406497249,
        "lr_scheduler": "linear",
        "bert": {
            "learning_rate": 3.997309513727866e-05,
            "weight_decay": 0.0004246173039476622
        },
        "nn": {
            "learning_rate": 0.00018243323369144653,
            "weight_decay": 0.0005919059872007191,
            "dropout": 0.2101979863464069
        }
    },
    "evaluation_report": {
        "Não-HS": {
            "precision": 0.868421052631579,
            "recall": 0.8839285714285714,
            "f1-score": 0.8761061946902655,
            "support": 224.0
        },
        "Hate Speech": {
            "precision": 0.880184331797235,
            "recall": 0.8642533936651584,
            "f1-score": 0.8721461187214612,
            "support": 221.0
        },
        "accuracy": 0.8741573033707866,
        "macro avg": {
            "precision": 0.874302692214407,
            "recall": 0.8740909825468649,
            "f1-score": 0.8741261567058634,
            "support": 445.0
        },
        "weighted avg": {
            "precision": 0.8742630407116013,
            "recall": 0.8741573033707866,
            "f1-score": 0.8741395052765447,
            "support": 445.0
        }
    }
}