{
    "trial_number": 0,
    "hparams": {
        "epochs": 8,
        "batch_size": 13,
        "warmup_ratio": 0.059596995219531705,
        "lr_scheduler": "linear",
        "bert": {
            "learning_rate": 4.412773821609487e-05,
            "weight_decay": 0.000153012837411839
        },
        "nn": {
            "learning_rate": 0.00023757572554068893,
            "weight_decay": 0.008009086545673469,
            "dropout": 0.2999709074267548
        }
    },
    "evaluation_report": {
        "Não-HS": {
            "precision": 0.9145299145299145,
            "recall": 0.9553571428571429,
            "f1-score": 0.9344978165938864,
            "support": 224.0
        },
        "Hate Speech": {
            "precision": 0.7058823529411765,
            "recall": 0.5454545454545454,
            "f1-score": 0.6153846153846154,
            "support": 44.0
        },
        "accuracy": 0.8880597014925373,
        "macro avg": {
            "precision": 0.8102061337355455,
            "recall": 0.7504058441558441,
            "f1-score": 0.7749412159892509,
            "support": 268.0
        },
        "weighted avg": {
            "precision": 0.8802743447168381,
            "recall": 0.8880597014925373,
            "f1-score": 0.8821060969923644,
            "support": 268.0
        }
    }
}